{
    "posters": {
        "id": "string",
        "city": "string",
        "department": "string",
        "type": "string",
        "timeStamp": "datetime64",
        "company": "string",
        "salary": "Int32",
        "education": "string",
        "age": "string",
        "experience": "Int16",
        "description": "string",
        "english": "string"
    },
    "comments": [
        "This json only bounds the on-premise posters schema",
        "used in the lambda script at ETL process."
    ]
}
